review_id,product_id,date_id,sentiment_id,review_type_id,cluster_id,rating,review_length
1580333227,MLM1066705967,20250805,1,3,2,5.0,203
1571720343,MLM1066705967,20250805,1,3,2,5.0,487
2863420961,MLM1066705967,20260507,1,3,0,5.0,1410
2838657732,MLM1066705967,20260507,1,3,0,5.0,228
2824442219,MLM1066705967,20260407,1,2,2,5.0,64
1505668047,MLM1066705967,20250805,1,1,3,5.0,19
2835996143,MLM1066705967,20260507,1,2,3,5.0,64
2448157139,MLM1066705967,20251108,1,3,2,5.0,1190
1527122548,MLM1066705967,20250805,1,1,2,5.0,17
1905394093,MLM1066705967,20250805,2,1,2,5.0,0
2906846172,MLM1066705967,20260606,1,3,2,5.0,232
2875573511,MLM1066705967,20260507,1,2,2,5.0,106
2894901160,MLM1066705967,20260606,1,2,2,5.0,156
2934623574,MLM1066705967,20260606,1,1,0,5.0,45
2907426561,MLM1066705967,20260606,1,2,3,5.0,73
2903234067,MLM1066705967,20260606,1,3,2,5.0,201
2936220375,MLM1066705967,20260606,1,2,2,5.0,151
2986139879,MLM1066705967,20260706,1,2,1,5.0,94
2940638887,MLM1066705967,20260706,1,2,2,5.0,130
2919874531,MLM1066705967,20260606,1,2,3,5.0,83
1675634063,MLM1066705967,20250805,1,1,2,5.0,17
2933911381,MLM1066705967,20260606,1,3,0,5.0,209
2929092155,MLM1066705967,20260606,1,2,1,5.0,161
2926365432,MLM1066705967,20260606,1,2,0,5.0,172
2881212525,MLM1066705967,20260606,1,2,0,5.0,175
2889165014,MLM1066705967,20260507,1,2,0,5.0,50
2833727258,MLM1066705967,20260407,1,1,1,5.0,10
2581789501,MLM1066705967,20260107,1,2,2,5.0,147
2949576718,MLM1066705967,20260606,1,1,2,5.0,29
2938878039,MLM1066705967,20260606,1,2,2,5.0,124
2919394293,MLM1066705967,20260606,1,1,1,5.0,46
2918387846,MLM1066705967,20260606,1,2,3,5.0,64
2898632122,MLM1066705967,20260606,1,1,1,5.0,10
2882325881,MLM1066705967,20260606,1,1,2,4.0,35
2877836301,MLM1066705967,20260507,1,2,1,5.0,93
2882715772,MLM1066705967,20260507,1,1,2,5.0,10
2871363692,MLM1066705967,20260507,1,2,2,5.0,193
2556234462,MLM1066705967,20251208,1,1,2,5.0,46
2183952455,MLM1066705967,20250805,1,2,2,5.0,134
2155469348,MLM1066705967,20250805,1,3,2,5.0,226
2116140610,MLM1066705967,20250805,1,2,2,5.0,114
2107322836,MLM1066705967,20250805,1,2,2,5.0,80
2101758296,MLM1066705967,20250805,1,2,1,5.0,140
2095134018,MLM1066705967,20250805,1,1,2,5.0,21
2024911677,MLM1066705967,20250805,1,2,1,5.0,60
1897264300,MLM1066705967,20250805,1,3,0,5.0,322
1895949082,MLM1066705967,20250805,1,2,2,5.0,51
1847721412,MLM1066705967,20250805,1,2,2,5.0,59
1838567328,MLM1066705967,20250805,1,3,2,5.0,312
1812606259,MLM1066705967,20250805,1,2,0,5.0,83
1717466148,MLM1066705967,20250805,1,1,2,5.0,7
1678235299,MLM1066705967,20250805,1,2,2,5.0,79
3036729675,MLM1066705967,20260801,1,2,0,5.0,82
3052026454,MLM1066705967,20260805,1,2,2,4.0,125
2973427221,MLM1066705967,20260706,1,2,0,5.0,106
3019218467,MLM1066705967,20260805,1,3,0,5.0,1493
3032965877,MLM1066705967,20260730,1,2,3,5.0,54
2964619100,MLM1066705967,20260706,1,2,0,5.0,63
2924375011,MLM1066705967,20260606,1,2,1,5.0,162
2922673399,MLM1066705967,20260606,1,3,0,4.0,540
2656930551,MLM1066705967,20260206,1,1,2,5.0,34
2632419248,MLM1066705967,20260107,1,2,1,5.0,50
2514191654,MLM1066705967,20251208,1,2,3,5.0,74
2489315637,MLM1066705967,20251208,1,2,0,5.0,121
3026141581,MLM1066705967,20260805,1,3,2,5.0,452
3025895667,MLM1066705967,20260805,2,1,2,5.0,0
3026838794,MLM1066705967,20260805,1,2,1,5.0,70
3007571041,MLM1066705967,20260805,1,2,2,5.0,76
3013181968,MLM1066705967,20260805,1,2,0,5.0,140
2995933309,MLM1066705967,20260805,1,1,2,5.0,9
2948024949,MLM1066705967,20260706,1,2,1,5.0,85
2943241625,MLM1066705967,20260706,1,2,0,5.0,67
2938388233,MLM1066705967,20260606,1,1,3,5.0,29
2932440207,MLM1066705967,20260606,1,2,1,5.0,109
2896075627,MLM1066705967,20260606,1,2,2,5.0,147
2898811098,MLM1066705967,20260606,1,3,2,5.0,204
2896031660,MLM1066705967,20260606,1,2,2,5.0,54
2775253369,MLM1066705967,20260407,2,1,2,5.0,0
2769126836,MLM1066705967,20260308,1,1,2,5.0,27
2765170640,MLM1066705967,20260308,1,1,2,5.0,17
2687459026,MLM1066705967,20260206,1,1,2,5.0,28
2638108455,MLM1066705967,20260107,1,1,1,5.0,18
2583604345,MLM1066705967,20260107,2,1,2,5.0,0
2561485752,MLM1066705967,20251208,1,2,2,5.0,90
2527075268,MLM1066705967,20251208,1,2,2,5.0,72
2520001340,MLM1066705967,20251208,1,1,3,5.0,37
2497976193,MLM1066705967,20251208,1,1,1,5.0,23
2359845348,MLM1066705967,20260805,1,1,1,5.0,28
2272907603,MLM1066705967,20260805,1,2,2,5.0,132
2023138682,MLM1066705967,20250805,1,2,2,5.0,114
1889401041,MLM1066705967,20250805,2,1,2,5.0,0
1888943290,MLM1066705967,20250805,1,2,2,4.0,155
1863042273,MLM1066705967,20250805,1,1,3,5.0,23
1865904086,MLM1066705967,20250805,2,1,2,5.0,0
1789902516,MLM1066705967,20250805,2,1,2,5.0,0
3034903029,MLM1066705967,20260731,1,1,3,5.0,30
3028679889,MLM1066705967,20260805,1,2,2,5.0,104
3027673620,MLM1066705967,20260805,1,1,2,5.0,20
3009328912,MLM1066705967,20260805,1,1,1,5.0,28
2998296775,MLM1066705967,20260805,1,1,2,5.0,12
3004475142,MLM1066705967,20260805,1,1,2,5.0,35
3001029770,MLM1066705967,20260805,1,2,0,5.0,170
3000658010,MLM1066705967,20260706,1,2,2,5.0,88
2988498643,MLM1066705967,20260706,1,2,0,5.0,190
2979712819,MLM1066705967,20260706,1,1,2,5.0,47
2989427910,MLM1066705967,20260706,1,1,2,4.0,33
2988369580,MLM1066705967,20260706,1,2,1,5.0,51
2963731267,MLM1066705967,20260706,1,3,0,5.0,219
2950031381,MLM1066705967,20260706,1,2,2,5.0,107
2945372643,MLM1066705967,20260706,1,2,3,5.0,53
2943888041,MLM1066705967,20260706,1,2,1,4.0,172
2952619266,MLM1066705967,20260706,1,2,3,5.0,62
2946433596,MLM1066705967,20260606,1,2,2,5.0,151
2926697339,MLM1066705967,20260606,1,1,2,5.0,44
2917815585,MLM1066705967,20260606,1,1,3,5.0,19
2925420748,MLM1066705967,20260606,1,1,2,5.0,10
2917004146,MLM1066705967,20260606,1,2,1,5.0,171
2870501452,MLM1066705967,20260507,1,2,0,5.0,60
2859616767,MLM1066705967,20260507,1,2,0,5.0,192
2858391785,MLM1066705967,20260507,1,2,1,5.0,156
2866360866,MLM1066705967,20260507,1,1,3,5.0,19
2836013566,MLM1066705967,20260507,1,1,0,5.0,30
2806429789,MLM1066705967,20260407,1,1,2,5.0,25
2808452318,MLM1066705967,20260407,1,2,2,5.0,115
2771928690,MLM1066705967,20260308,1,1,2,5.0,49
2752823085,MLM1066705967,20260308,1,1,2,5.0,45
2668761557,MLM1066705967,20260206,1,2,1,5.0,50
2628354999,MLM1066705967,20260107,1,2,2,5.0,99
2632585748,MLM1066705967,20260107,1,2,2,5.0,51
2607584041,MLM1066705967,20260107,1,1,1,5.0,33
2603621965,MLM1066705967,20260107,1,1,3,5.0,48
2604739792,MLM1066705967,20260107,1,1,2,5.0,14
2598414198,MLM1066705967,20260107,1,1,2,5.0,6
2597714896,MLM1066705967,20260107,1,2,2,5.0,65
2592777710,MLM1066705967,20260107,1,1,2,5.0,11
2582050514,MLM1066705967,20260107,1,1,1,5.0,10
2562726539,MLM1066705967,20251208,1,1,2,5.0,9
2553013651,MLM1066705967,20251208,1,2,2,5.0,73
2554076446,MLM1066705967,20251208,1,1,2,5.0,14
2537055113,MLM1066705967,20251208,1,1,1,5.0,18
2532751058,MLM1066705967,20251208,1,1,3,5.0,32
2520706101,MLM1066705967,20251208,1,1,1,5.0,27
2523696942,MLM1066705967,20251208,1,1,3,5.0,20
2512042601,MLM1066705967,20251208,1,2,1,5.0,68
2518466980,MLM1066705967,20251208,1,1,3,5.0,31
2500492603,MLM1066705967,20251208,1,1,1,5.0,45
2488901451,MLM1066705967,20251208,1,1,3,5.0,26
2494632778,MLM1066705967,20251208,1,1,2,5.0,13
2479751435,MLM1066705967,20251208,1,2,3,5.0,53
2486218312,MLM1066705967,20251208,1,1,2,5.0,19
2476580884,MLM1066705967,20251108,1,1,2,5.0,11
2457507789,MLM1066705967,20251108,1,1,2,5.0,17
2421876532,MLM1066705967,20251108,1,1,1,5.0,40
2401078780,MLM1066705967,20251108,1,2,2,5.0,109
2290870691,MLM1066705967,20260805,1,3,0,5.0,461
2177981355,MLM1066705967,20250805,1,3,2,5.0,561
2175481342,MLM1066705967,20250805,1,3,2,5.0,221
1862163542,MLM1066705967,20250805,1,1,2,5.0,11
2806709205,MLM1066705967,20260407,3,2,2,1.0,94
2876337066,MLM1066705967,20260507,3,2,2,1.0,55
2599838427,MLM1066705967,20260107,3,2,2,1.0,54
3043279197,MLM1066705967,20260805,2,1,2,3.0,0
3046544008,MLM1066705967,20260731,2,1,2,2.0,0
2979323549,MLM1066705967,20260706,3,3,2,1.0,228
2913903680,MLM1066705967,20260606,3,2,2,1.0,105
302014487,MLM42305910,20260805,1,3,2,5.0,222
310548533,MLM42305910,20260805,1,3,2,5.0,459
825354344,MLM42305910,20260805,1,3,2,5.0,231
1304843731,MLM42305910,20260805,1,2,2,5.0,64
154614460,MLM42305910,20260805,1,3,0,5.0,231
320227990,MLM42305910,20260805,1,1,2,5.0,25
410020902,MLM42305910,20260805,1,3,0,5.0,888
2940334444,MLM42305910,20260606,1,3,2,5.0,294
341457712,MLM42305910,20260805,1,2,2,5.0,179
315903892,MLM42305910,20260805,1,2,2,5.0,139
934243000,MLM42305910,20260805,1,2,2,5.0,110
851602985,MLM42305910,20260805,1,2,1,5.0,82
314317014,MLM42305910,20260805,1,2,2,5.0,83
325407832,MLM42305910,20260805,1,3,2,5.0,350
613866302,MLM42305910,20260805,1,2,0,5.0,71
922504792,MLM42305910,20260805,2,1,2,5.0,0
874269288,MLM42305910,20260805,1,2,2,5.0,178
635136399,MLM42305910,20260805,1,3,0,5.0,1492
300399054,MLM42305910,20260805,1,2,3,5.0,71
880744790,MLM42305910,20260805,1,2,2,5.0,77
2490442103,MLM42305910,20251208,2,1,2,5.0,0
868799425,MLM42305910,20260805,1,2,1,5.0,109
387862309,MLM42305910,20260805,1,2,0,5.0,197
1008022469,MLM42305910,20260805,1,1,2,5.0,38
1304285882,MLM42305910,20260805,1,2,2,4.0,73
982548131,MLM42305910,20260805,1,3,0,5.0,240
387485368,MLM42305910,20260805,1,3,2,5.0,526
2206840936,MLM42305910,20250805,1,3,2,5.0,1493
812643338,MLM42305910,20260805,1,2,2,5.0,132
658631934,MLM42305910,20260805,1,3,0,5.0,362
315992989,MLM42305910,20260805,1,2,2,5.0,172
311370619,MLM42305910,20260805,1,2,2,5.0,83
151292273,MLM42305910,20260805,1,1,2,5.0,34
3021877705,MLM42305910,20260805,1,3,0,5.0,597
811949533,MLM42305910,20260805,2,1,2,5.0,0
2860001575,MLM42305910,20260507,1,3,0,5.0,309
2303539562,MLM42305910,20260805,1,3,2,5.0,215
868024214,MLM42305910,20260805,1,3,0,5.0,258
1387053072,MLM42305910,20260805,1,3,2,5.0,370
1127550531,MLM42305910,20260805,1,2,2,5.0,144
989468898,MLM42305910,20260805,1,2,0,5.0,144
976349166,MLM42305910,20260805,1,2,0,5.0,176
968994817,MLM42305910,20260805,1,2,2,5.0,115
898348021,MLM42305910,20260805,1,1,2,5.0,36
619374605,MLM42305910,20260805,1,2,2,5.0,67
318918259,MLM42305910,20260805,1,1,2,5.0,22
2897753533,MLM42305910,20260606,1,2,1,5.0,133
1722295219,MLM42305910,20250805,1,2,2,5.0,165
2993718889,MLM42305910,20260805,1,2,3,5.0,156
3002724348,MLM42305910,20260805,1,3,0,5.0,227
2920109707,MLM42305910,20260606,1,2,0,5.0,179
2642606340,MLM42305910,20260107,1,3,0,5.0,347
504099661,MLM42305910,20260805,1,1,2,5.0,10
2735876401,MLM42305910,20260308,1,2,2,5.0,124
817938283,MLM42305910,20260805,1,1,0,5.0,48
2367570078,MLM42305910,20260805,1,3,2,5.0,404
2219370160,MLM42305910,20250805,1,2,2,4.0,89
2080677298,MLM42305910,20250805,1,3,0,5.0,320
2001820698,MLM42305910,20250805,1,2,2,5.0,74
1642968643,MLM42305910,20250805,1,2,2,5.0,69
1525476123,MLM42305910,20250805,1,2,2,5.0,60
1141621938,MLM42305910,20260805,1,2,2,5.0,112
1121491170,MLM42305910,20260805,1,2,2,5.0,186
1118231919,MLM42305910,20260805,1,2,3,5.0,81
1117858467,MLM42305910,20260805,1,3,2,5.0,239
1105667627,MLM42305910,20260805,1,2,2,5.0,74
1088267382,MLM42305910,20260805,1,2,2,5.0,51
1042413925,MLM42305910,20260805,1,2,0,5.0,151
1032038221,MLM42305910,20260805,1,1,2,5.0,6
1021247902,MLM42305910,20260805,1,2,2,5.0,116
1010468853,MLM42305910,20260805,1,3,0,5.0,282
999390821,MLM42305910,20260805,1,1,3,5.0,41
993315917,MLM42305910,20260805,1,1,2,5.0,14
985875645,MLM42305910,20260805,1,1,2,5.0,42
982957515,MLM42305910,20260805,1,3,0,5.0,206
984860650,MLM42305910,20260805,1,2,2,5.0,95
970274345,MLM42305910,20260805,1,1,2,5.0,35
968327196,MLM42305910,20260805,1,1,2,5.0,29
964861949,MLM42305910,20260805,1,2,0,5.0,185
960573036,MLM42305910,20260805,1,3,2,5.0,1323
949631037,MLM42305910,20260805,1,1,2,5.0,6
938718909,MLM42305910,20260805,1,2,1,5.0,55
932581850,MLM42305910,20260805,1,3,2,5.0,295
929471605,MLM42305910,20260805,1,1,2,5.0,23
910393160,MLM42305910,20260805,1,1,2,5.0,14
904999205,MLM42305910,20260805,1,3,2,5.0,773
898180000,MLM42305910,20260805,1,1,2,5.0,14
891504784,MLM42305910,20260805,1,2,0,5.0,166
888246327,MLM42305910,20260805,1,1,2,5.0,48
888541476,MLM42305910,20260805,1,2,2,5.0,181
885866612,MLM42305910,20260805,1,1,2,5.0,26
882046008,MLM42305910,20260805,1,1,1,5.0,10
875415750,MLM42305910,20260805,1,2,0,5.0,150
866739874,MLM42305910,20260805,1,2,2,5.0,60
860065321,MLM42305910,20260805,1,1,2,5.0,26
853051993,MLM42305910,20260805,1,1,3,5.0,46
848030912,MLM42305910,20260805,1,1,3,5.0,19
844754177,MLM42305910,20260805,1,1,2,5.0,14
843198139,MLM42305910,20260805,1,1,0,5.0,13
832792405,MLM42305910,20260805,1,2,1,5.0,146
832003899,MLM42305910,20260805,1,2,2,5.0,60
832848166,MLM42305910,20260805,1,1,2,5.0,40
822620365,MLM42305910,20260805,1,3,2,5.0,277
818499471,MLM42305910,20260805,1,2,0,5.0,63
816153499,MLM42305910,20260805,1,2,2,5.0,103
814939222,MLM42305910,20260805,1,3,2,5.0,392
814589796,MLM42305910,20260805,1,1,2,5.0,37
814063554,MLM42305910,20260805,1,2,2,5.0,89
810840782,MLM42305910,20260805,1,2,0,5.0,163
801120616,MLM42305910,20260805,1,2,2,5.0,82
800040958,MLM42305910,20260805,1,2,0,5.0,84
790716446,MLM42305910,20260805,1,2,0,5.0,116
784795024,MLM42305910,20260805,1,2,2,5.0,55
769416527,MLM42305910,20260805,1,2,2,5.0,137
756718104,MLM42305910,20260805,1,1,0,5.0,37
732292466,MLM42305910,20260805,1,3,1,5.0,227
728005222,MLM42305910,20260805,1,2,2,5.0,119
727072851,MLM42305910,20260805,1,3,2,5.0,226
716272815,MLM42305910,20260805,1,2,2,5.0,88
716853496,MLM42305910,20260805,1,2,0,5.0,127
692292107,MLM42305910,20260805,1,2,0,5.0,135
691343328,MLM42305910,20260805,1,2,2,5.0,131
653977203,MLM42305910,20260805,1,2,0,5.0,79
622315861,MLM42305910,20260805,1,2,3,5.0,67
598741333,MLM42305910,20260805,1,3,2,5.0,655
594225395,MLM42305910,20260805,1,2,2,5.0,151
423184572,MLM42305910,20260805,1,2,0,5.0,52
397597797,MLM42305910,20260805,1,2,0,5.0,92
393894050,MLM42305910,20260805,1,2,2,4.0,76
359652792,MLM42305910,20260805,1,2,2,5.0,139
323066521,MLM42305910,20260805,1,1,1,5.0,10
322456385,MLM42305910,20260805,1,1,3,5.0,14
2943221301,MLM42305910,20260706,1,3,0,5.0,229
2590899015,MLM42305910,20260107,2,1,2,5.0,0
1377566861,MLM42305910,20260805,1,2,2,5.0,126
1853200710,MLM42305910,20250805,2,1,2,4.0,0
1292972152,MLM42305910,20260805,1,2,2,5.0,115
2909671385,MLM42305910,20260606,1,3,0,5.0,416
2856823420,MLM42305910,20260507,1,3,0,5.0,312
2769642676,MLM42305910,20260308,1,2,2,5.0,189
2750446880,MLM42305910,20260308,1,2,0,4.0,111
2532931818,MLM42305910,20251208,1,3,0,4.0,838
2187133081,MLM42305910,20250805,2,1,2,5.0,0
2004617013,MLM42305910,20250805,1,2,0,5.0,129
1624913543,MLM42305910,20250805,1,1,2,5.0,4
1310512264,MLM42305910,20260805,2,1,2,5.0,0
3042231337,MLM42305910,20260805,1,2,1,5.0,117
3051983952,MLM42305910,20260805,1,2,0,5.0,82
3043837734,MLM42305910,20260730,1,2,2,5.0,179
3021128781,MLM42305910,20260805,1,1,2,5.0,6
2999875794,MLM42305910,20260706,1,2,2,5.0,173
2968152787,MLM42305910,20260706,1,3,0,5.0,247
2945817767,MLM42305910,20260706,1,2,2,5.0,58
2929692383,MLM42305910,20260606,1,3,0,5.0,207
2919601537,MLM42305910,20260606,1,2,2,5.0,143
2895521790,MLM42305910,20260606,1,3,2,5.0,223
2880348517,MLM42305910,20260606,2,1,2,5.0,0
2830715949,MLM42305910,20260507,1,2,2,5.0,135
2825612881,MLM42305910,20260507,1,2,0,5.0,167
2773628173,MLM42305910,20260407,1,1,3,5.0,28
2724693685,MLM42305910,20260308,1,2,0,5.0,118
2733186470,MLM42305910,20260308,1,3,2,5.0,280
2706789565,MLM42305910,20260206,1,3,0,5.0,205
2701009024,MLM42305910,20260206,1,2,0,5.0,174
2673075921,MLM42305910,20260206,1,2,2,5.0,98
2667320532,MLM42305910,20260206,1,2,2,5.0,179
2636468349,MLM42305910,20260107,1,3,1,5.0,206
2632213116,MLM42305910,20260107,2,1,2,5.0,0
2626849380,MLM42305910,20260107,1,3,0,5.0,208
2618422769,MLM42305910,20260107,1,3,2,5.0,283
2619799458,MLM42305910,20260107,1,2,0,5.0,156
2579593769,MLM42305910,20260107,1,3,2,5.0,214
2542465279,MLM42305910,20251208,1,2,0,5.0,76
2517032317,MLM42305910,20251208,1,2,2,5.0,78
2515961667,MLM42305910,20251208,1,3,2,5.0,208
2506075839,MLM42305910,20251208,1,2,2,5.0,119
2181732000,MLM42305910,20250805,1,3,0,5.0,260
1583277211,MLM42305910,20250805,1,2,3,5.0,121
1187742866,MLM42305910,20260805,1,3,2,5.0,230
849369124,MLM42305910,20260805,2,1,2,5.0,0
3042098781,MLM42305910,20260805,1,2,2,5.0,153
3032161014,MLM42305910,20260805,1,2,2,4.0,135
2998226921,MLM42305910,20260805,1,3,2,5.0,433
2995895406,MLM42305910,20260706,1,1,3,5.0,18
2960250163,MLM42305910,20260706,1,2,0,5.0,169
2952957807,MLM42305910,20260706,1,3,2,5.0,429
2938265139,MLM42305910,20260606,1,3,2,4.0,888
2931680465,MLM42305910,20260606,1,2,0,5.0,70
2935549420,MLM42305910,20260606,1,3,0,5.0,248
2915543766,MLM42305910,20260606,1,2,2,5.0,130
2882109873,MLM42305910,20260606,1,3,2,5.0,271
2885177582,MLM42305910,20260507,1,3,0,5.0,338
2883302374,MLM42305910,20260507,1,2,2,5.0,114
2872924077,MLM42305910,20260507,1,3,0,5.0,306
2874250242,MLM42305910,20260507,1,3,0,5.0,615
2862492775,MLM42305910,20260507,1,2,1,5.0,71
2860302419,MLM42305910,20260507,1,2,0,5.0,66
2863792646,MLM42305910,20260507,1,3,0,5.0,335
2863478860,MLM42305910,20260507,1,2,0,5.0,69
2849987569,MLM42305910,20260507,1,2,2,5.0,149
2847369926,MLM42305910,20260507,1,3,0,5.0,292
2838548944,MLM42305910,20260507,1,2,0,5.0,151
2825396037,MLM42305910,20260507,1,3,0,5.0,239
2798512027,MLM42305910,20260407,1,2,3,5.0,94
2772238802,MLM42305910,20260308,1,2,2,5.0,66
2759189351,MLM42305910,20260308,1,3,2,5.0,636
2752566864,MLM42305910,20260308,1,1,2,5.0,16
2748336132,MLM42305910,20260308,1,1,3,5.0,32
2737527947,MLM42305910,20260308,1,2,2,5.0,106
2733742549,MLM42305910,20260308,2,1,2,5.0,0
2724604851,MLM42305910,20260308,1,2,0,5.0,140
2724546261,MLM42305910,20260308,1,2,0,5.0,104
2728639686,MLM42305910,20260206,1,1,1,5.0,10
2726628350,MLM42305910,20260206,1,2,2,5.0,142
2711829363,MLM42305910,20260206,1,3,2,5.0,284
2710702252,MLM42305910,20260206,2,1,2,5.0,0
2699037207,MLM42305910,20260206,1,2,3,5.0,106
2707269312,MLM42305910,20260206,1,2,0,5.0,150
2692718784,MLM42305910,20260206,1,2,0,5.0,76
2690834816,MLM42305910,20260206,1,2,1,5.0,69
2678924073,MLM42305910,20260206,1,2,2,5.0,105
2669994443,MLM42305910,20260206,1,2,3,5.0,87
2675958338,MLM42305910,20260206,1,1,2,5.0,23
2667646043,MLM42305910,20260206,1,1,2,5.0,9
2661540483,MLM42305910,20260206,1,2,2,5.0,69
2661921688,MLM42305910,20260107,1,2,1,5.0,90
2659848518,MLM42305910,20260107,1,1,2,5.0,10
2651872235,MLM42305910,20260107,1,3,0,5.0,495
2651615182,MLM42305910,20260107,1,2,0,5.0,87
2651240904,MLM42305910,20260107,1,3,0,5.0,484
2649698340,MLM42305910,20260107,1,3,0,5.0,252
2644397480,MLM42305910,20260107,1,2,0,5.0,177
2634760961,MLM42305910,20260107,1,2,0,5.0,160
2640118124,MLM42305910,20260107,1,1,2,5.0,21
2634274858,MLM42305910,20260107,1,2,2,5.0,61
2634154958,MLM42305910,20260107,1,1,2,5.0,10
2633919228,MLM42305910,20260107,2,1,2,5.0,0
2623953589,MLM42305910,20260107,1,1,2,5.0,32
2618810369,MLM42305910,20260107,1,1,0,5.0,31
2625818630,MLM42305910,20260107,1,1,0,5.0,45
2610477885,MLM42305910,20260107,1,1,1,5.0,20
2615545274,MLM42305910,20260107,1,1,2,5.0,15
2598350254,MLM42305910,20260107,1,3,0,5.0,307
2589427693,MLM42305910,20260107,1,2,2,5.0,101
2594815596,MLM42305910,20260107,1,1,2,5.0,12
2578721719,MLM42305910,20260107,1,2,2,5.0,97
2585317156,MLM42305910,20260107,1,2,1,5.0,54
2584702188,MLM42305910,20260107,2,1,2,5.0,0
2574066879,MLM42305910,20251208,1,2,0,5.0,140
2568459369,MLM42305910,20251208,1,1,1,5.0,39
2553516417,MLM42305910,20251208,1,3,0,5.0,322
2558489954,MLM42305910,20251208,1,2,0,5.0,116
2550804327,MLM42305910,20251208,1,2,2,5.0,103
2557656008,MLM42305910,20251208,1,2,1,5.0,82
2549675157,MLM42305910,20251208,1,2,0,5.0,54
2547811167,MLM42305910,20251208,1,1,1,5.0,18
2546744857,MLM42305910,20251208,1,2,0,4.0,87
2553633888,MLM42305910,20251208,1,2,2,5.0,61
2546208805,MLM42305910,20251208,1,1,2,5.0,37
2545964363,MLM42305910,20251208,1,1,0,5.0,48
2552982502,MLM42305910,20251208,1,3,0,5.0,318
2551502400,MLM42305910,20251208,1,1,2,5.0,29
2541140295,MLM42305910,20251208,1,1,2,5.0,21
2536323977,MLM42305910,20251208,1,2,2,5.0,103
2540850792,MLM42305910,20251208,1,2,2,5.0,137
2532814956,MLM42305910,20251208,1,1,3,5.0,18
2523148877,MLM42305910,20251208,1,2,1,5.0,97
2522954163,MLM42305910,20251208,1,2,0,5.0,83
2520148971,MLM42305910,20251208,1,2,2,5.0,105
2525320210,MLM42305910,20251208,1,1,2,5.0,8
2522348166,MLM42305910,20251208,1,3,2,5.0,221
2521461280,MLM42305910,20251208,1,1,3,5.0,19
2513889133,MLM42305910,20251208,1,2,2,5.0,75
2512681233,MLM42305910,20251208,1,1,2,5.0,44
2519347098,MLM42305910,20251208,1,2,2,5.0,67
2512194603,MLM42305910,20251208,1,2,2,5.0,73
2516172936,MLM42305910,20251208,1,1,1,5.0,40
2509143397,MLM42305910,20251208,1,2,2,5.0,175
2515472226,MLM42305910,20251208,1,3,0,5.0,323
2507716283,MLM42305910,20251208,1,2,2,5.0,96
2514220782,MLM42305910,20251208,1,3,0,5.0,969
2504189947,MLM42305910,20251208,1,2,2,5.0,56
2500377627,MLM42305910,20251208,1,2,2,5.0,147
2495954839,MLM42305910,20251208,1,3,2,5.0,296
2491886197,MLM42305910,20251208,1,2,2,4.0,162
2486095203,MLM42305910,20251208,1,1,2,5.0,12
2485414781,MLM42305910,20251208,1,1,3,5.0,18
2483055271,MLM42305910,20251208,1,2,2,5.0,68
2481100451,MLM42305910,20251208,1,1,2,5.0,5
2486970040,MLM42305910,20251208,1,1,2,5.0,7
2474783372,MLM42305910,20251108,1,2,3,5.0,52
2472769438,MLM42305910,20251108,1,2,2,5.0,53
2455141952,MLM42305910,20251108,1,2,2,5.0,145
2326908803,MLM42305910,20260805,1,1,2,5.0,39
2323080304,MLM42305910,20260805,1,1,2,5.0,32
2249064567,MLM42305910,20260805,1,3,2,5.0,463
2251786134,MLM42305910,20260805,1,1,2,5.0,16
2193793226,MLM42305910,20250805,1,1,2,5.0,15
2123728864,MLM42305910,20250805,2,1,2,5.0,0
2082995992,MLM42305910,20250805,1,1,2,5.0,16
706074472,MLM26578383,20260805,1,3,2,5.0,450
744635684,MLM26578383,20260805,1,3,2,5.0,208
792924743,MLM26578383,20260805,1,1,2,4.0,46
782472879,MLM26578383,20260805,1,2,0,5.0,102
2014452581,MLM26578383,20250805,1,2,0,5.0,190
1313087511,MLM26578383,20260805,1,3,0,5.0,201
1215467804,MLM26578383,20260805,1,1,2,5.0,37
1090158061,MLM26578383,20260805,1,2,2,5.0,73
1373446634,MLM26578383,20260805,1,3,2,5.0,522
990780165,MLM26578383,20260805,1,2,0,5.0,187
762802514,MLM26578383,20260805,1,2,2,5.0,62
690535107,MLM26578383,20260805,1,3,1,5.0,218
2602024077,MLM26578383,20260107,1,2,2,5.0,80
2503678009,MLM26578383,20251208,1,3,2,4.0,370
2792221386,MLM26578383,20260407,1,1,0,5.0,19
2780949858,MLM26578383,20260407,2,1,2,5.0,0
2751162355,MLM26578383,20260308,1,1,1,5.0,49
2702965638,MLM26578383,20260206,1,1,2,5.0,41
2624774190,MLM26578383,20260107,2,1,2,5.0,0
2568239893,MLM26578383,20251208,1,3,0,5.0,306
2542863429,MLM26578383,20251208,1,2,2,5.0,57
1874210050,MLM26578383,20250805,1,3,0,5.0,430
1368899659,MLM26578383,20260805,1,3,2,5.0,463
2871615012,MLM26578383,20260507,1,2,0,5.0,77
2868160294,MLM26578383,20260507,1,2,2,4.0,163
2836038419,MLM26578383,20260507,1,2,1,5.0,120
2824413308,MLM26578383,20260407,1,1,2,5.0,30
2806560378,MLM26578383,20260407,1,3,2,5.0,1392
2791000481,MLM26578383,20260407,1,1,2,5.0,9
2773886243,MLM26578383,20260407,1,2,2,5.0,132
2754652179,MLM26578383,20260308,1,2,2,5.0,78
2693128925,MLM26578383,20260206,1,2,2,5.0,93
2676700745,MLM26578383,20260206,1,2,0,5.0,149
2667380703,MLM26578383,20260206,1,2,1,5.0,56
2638048938,MLM26578383,20260107,1,2,0,5.0,66
2637939670,MLM26578383,20260107,1,2,2,5.0,147
2629195582,MLM26578383,20260107,1,1,1,5.0,11
2608950697,MLM26578383,20260107,1,1,3,5.0,19
2604080941,MLM26578383,20260107,1,3,2,5.0,211
2590331544,MLM26578383,20260107,1,1,1,5.0,43
2586963822,MLM26578383,20260107,1,2,2,5.0,71
2577463169,MLM26578383,20260107,1,1,1,5.0,28
2575662704,MLM26578383,20251208,1,2,2,5.0,181
2558313861,MLM26578383,20251208,1,1,3,5.0,14
2547137128,MLM26578383,20251208,1,2,0,5.0,95
2508550000,MLM26578383,20251208,1,1,1,5.0,30
2485869372,MLM26578383,20251208,1,1,2,5.0,16
2320657070,MLM26578383,20260805,1,2,2,5.0,61
2057331865,MLM26578383,20250805,1,1,2,5.0,41
2037425343,MLM26578383,20250805,1,2,2,5.0,184
1986256141,MLM26578383,20250805,1,2,2,5.0,140
1945629647,MLM26578383,20250805,1,3,2,5.0,218
1939699252,MLM26578383,20250805,1,2,3,5.0,67
1920237839,MLM26578383,20250805,1,1,2,5.0,46
1903990763,MLM26578383,20250805,1,2,2,5.0,52
1898376818,MLM26578383,20250805,1,1,2,5.0,38
1888600228,MLM26578383,20250805,1,3,2,5.0,204
1885376968,MLM26578383,20250805,1,3,2,5.0,292
1867794555,MLM26578383,20250805,1,2,2,5.0,60
1868626372,MLM26578383,20250805,1,2,0,5.0,113
1817458404,MLM26578383,20250805,1,1,2,5.0,21
1439412754,MLM26578383,20250805,1,2,2,5.0,72
1252447593,MLM26578383,20260805,1,2,2,5.0,53
1249779780,MLM26578383,20260805,1,2,3,4.0,81
1223675055,MLM26578383,20260805,1,1,2,5.0,21
1224440698,MLM26578383,20260805,1,1,1,5.0,36
1214186541,MLM26578383,20260805,1,1,3,5.0,38
1207249425,MLM26578383,20260805,1,2,2,5.0,104
1091701543,MLM26578383,20260805,1,1,3,5.0,19
1073332535,MLM26578383,20260805,1,1,2,5.0,37
955810660,MLM26578383,20260805,1,3,2,5.0,372
925243928,MLM26578383,20260805,1,1,1,5.0,26
905963711,MLM26578383,20260805,1,2,2,5.0,133
829039486,MLM26578383,20260805,1,1,2,5.0,34
814794024,MLM26578383,20260805,1,1,0,5.0,30
803221431,MLM26578383,20260805,1,1,2,5.0,14
775165873,MLM26578383,20260805,1,3,2,5.0,368
765055415,MLM26578383,20260805,1,2,2,5.0,177
748296690,MLM26578383,20260805,1,1,2,5.0,47
715046807,MLM26578383,20260805,1,1,3,5.0,36
711636203,MLM26578383,20260805,1,3,2,5.0,204
886669395,MLM26578383,20260805,3,2,0,3.0,132
776684055,MLM26578383,20260805,1,3,2,3.0,351
1175119174,MLM26578383,20260805,3,2,2,1.0,127
2624791633,MLM26578383,20260107,2,1,2,3.0,13
819123182,MLM26578383,20260805,3,3,2,3.0,663
2878112061,MLM26578383,20260507,1,3,0,3.0,213
2753607985,MLM26578383,20260308,3,2,2,3.0,127
2657508170,MLM26578383,20260107,3,1,2,3.0,19
2649310973,MLM26578383,20260107,1,3,0,3.0,474
2111268040,MLM26578383,20250805,3,2,2,1.0,104
1800007783,MLM26578383,20250805,3,2,2,2.0,100
1774708173,MLM26578383,20250805,3,3,2,2.0,285
1740270311,MLM26578383,20250805,3,3,2,2.0,539
1740096522,MLM26578383,20250805,3,2,2,2.0,71
1535055322,MLM26578383,20250805,3,2,2,2.0,134
1193568822,MLM26578383,20260805,3,3,0,1.0,1274
2351908009,MLM1054106888,20260805,1,3,0,5.0,644
2506118265,MLM1054106888,20251208,1,3,2,5.0,679
2370074292,MLM1054106888,20260805,1,2,2,5.0,57
2412738006,MLM1054106888,20251108,1,2,0,4.0,165
2680016918,MLM1054106888,20260206,1,3,0,5.0,361
2355322929,MLM1054106888,20260805,1,2,2,5.0,105
2941155932,MLM1054106888,20260606,1,2,1,5.0,112
2389272913,MLM1054106888,20260805,2,1,2,5.0,0
2396856436,MLM1054106888,20260805,2,1,2,5.0,0
3004725556,MLM1054106888,20260805,2,1,2,5.0,0
2936701218,MLM1054106888,20260606,1,2,1,5.0,189
2471047946,MLM1054106888,20251108,1,1,1,4.0,10
2398140021,MLM1054106888,20251108,1,1,1,5.0,33
2987135860,MLM1054106888,20260706,1,2,0,5.0,183
2725156795,MLM1054106888,20260308,1,3,2,5.0,760
2395405294,MLM1054106888,20260805,1,2,2,5.0,52
2977437020,MLM1054106888,20260706,1,2,2,5.0,97
2983494022,MLM1054106888,20260706,1,2,0,5.0,145
2523426016,MLM1054106888,20251208,1,2,2,5.0,158
2940345938,MLM1054106888,20260606,1,3,2,5.0,281
2686619411,MLM1054106888,20260206,1,1,1,5.0,42
2488025016,MLM1054106888,20251208,1,2,3,5.0,84
2463279958,MLM1054106888,20251108,1,1,2,5.0,22
2381041778,MLM1054106888,20260805,1,2,2,5.0,118
2370240040,MLM1054106888,20260805,1,1,3,5.0,40
2364011371,MLM1054106888,20260805,1,1,1,5.0,13
2993063523,MLM1054106888,20260805,1,2,2,5.0,95
2930576231,MLM1054106888,20260606,1,2,2,5.0,51
2669312920,MLM1054106888,20260206,1,3,0,4.0,754
3009732565,MLM1054106888,20260805,1,2,1,5.0,135
2951992686,MLM1054106888,20260706,1,2,0,5.0,128
2699641682,MLM1054106888,20260206,1,2,1,5.0,165
2968971468,MLM1054106888,20260706,1,2,2,5.0,146
2357452877,MLM1054106888,20260805,1,3,2,5.0,334
2817161919,MLM1054106888,20260407,1,1,0,5.0,40
2794137624,MLM1054106888,20260407,1,2,3,5.0,61
2781231742,MLM1054106888,20260407,1,2,2,5.0,147
2437906116,MLM1054106888,20251108,1,2,0,5.0,102
2972062827,MLM1054106888,20260706,1,2,3,5.0,99
3022449609,MLM1054106888,20260805,1,3,0,5.0,307
3015283040,MLM1054106888,20260805,1,2,2,5.0,153
2990411071,MLM1054106888,20260805,1,3,2,5.0,362
2996395614,MLM1054106888,20260706,1,2,1,5.0,98
2931043962,MLM1054106888,20260606,1,2,3,5.0,72
2801993646,MLM1054106888,20260407,1,3,3,4.0,489
2531028954,MLM1054106888,20251208,1,1,2,5.0,28
2487057677,MLM1054106888,20251208,1,1,0,5.0,47
2993208968,MLM1054106888,20260706,2,1,2,5.0,0
2953095985,MLM1054106888,20260706,1,3,0,5.0,380
2950472653,MLM1054106888,20260706,1,2,0,5.0,167
2940128483,MLM1054106888,20260606,1,2,2,5.0,176
2938245431,MLM1054106888,20260606,1,2,2,5.0,89
2936113505,MLM1054106888,20260606,1,2,2,5.0,67
2946126190,MLM1054106888,20260606,1,3,2,5.0,203
2942369974,MLM1054106888,20260606,1,3,2,5.0,202
2927806811,MLM1054106888,20260606,1,1,2,5.0,47
2925817947,MLM1054106888,20260606,1,2,2,5.0,102
2923079071,MLM1054106888,20260606,1,2,1,5.0,137
2886649327,MLM1054106888,20260606,1,1,3,5.0,19
2858500287,MLM1054106888,20260507,2,1,2,4.0,0
2747717102,MLM1054106888,20260308,1,2,0,5.0,198
2728067532,MLM1054106888,20260206,1,2,2,5.0,101
2680019846,MLM1054106888,20260206,1,2,1,5.0,56
2642467145,MLM1054106888,20260107,1,2,1,5.0,131
2602657155,MLM1054106888,20260107,2,1,2,5.0,0
2982172339,MLM1054106888,20260706,1,1,3,5.0,32
2921339783,MLM1054106888,20260606,1,2,1,5.0,142
2611910917,MLM1054106888,20260107,1,1,2,5.0,49
2360058386,MLM1054106888,20260805,1,1,1,5.0,10
2840134162,MLM1054106888,20260507,1,1,2,5.0,22
2488972131,MLM1054106888,20251208,1,1,2,5.0,13
2378809877,MLM1054106888,20260805,1,1,2,5.0,19
2363638769,MLM1054106888,20260805,1,2,0,5.0,122
2946955894,MLM1054106888,20260606,1,3,1,5.0,329
2898497293,MLM1054106888,20260606,1,2,0,5.0,104
3017176581,MLM1054106888,20260805,1,3,2,5.0,336
2973865592,MLM1054106888,20260706,1,3,2,5.0,282
2950966936,MLM1054106888,20260706,1,2,1,5.0,186
3030802902,MLM1054106888,20260805,1,3,0,5.0,307
3025822546,MLM1054106888,20260805,1,2,1,5.0,62
2984583793,MLM1054106888,20260706,1,3,2,5.0,288
2971939242,MLM1054106888,20260706,1,2,0,5.0,149
2947232967,MLM1054106888,20260706,2,1,2,5.0,0
2956202602,MLM1054106888,20260706,1,2,2,5.0,144
2949371884,MLM1054106888,20260606,1,3,0,5.0,237
2918142845,MLM1054106888,20260606,1,2,1,5.0,115
2886655977,MLM1054106888,20260606,1,3,0,5.0,309
2872831919,MLM1054106888,20260507,1,1,2,5.0,30
2857716129,MLM1054106888,20260507,1,3,2,5.0,329
2798594989,MLM1054106888,20260407,1,3,0,5.0,241
2712199669,MLM1054106888,20260206,1,3,1,5.0,209
2670961967,MLM1054106888,20260206,1,2,2,5.0,90
2648327675,MLM1054106888,20260107,1,3,2,5.0,359
2625200393,MLM1054106888,20260107,2,1,2,5.0,0
3028865523,MLM1054106888,20260805,1,2,0,5.0,175
3006578617,MLM1054106888,20260805,1,2,3,5.0,69
2991776339,MLM1054106888,20260805,1,2,1,5.0,191
2985533984,MLM1054106888,20260706,1,3,3,5.0,359
2951809905,MLM1054106888,20260706,1,2,0,5.0,112
2953691394,MLM1054106888,20260706,1,3,0,5.0,370
2937787747,MLM1054106888,20260606,2,1,2,5.0,0
2935155931,MLM1054106888,20260606,1,3,0,5.0,238
2940353266,MLM1054106888,20260606,1,3,2,5.0,1458
2928425397,MLM1054106888,20260606,1,1,1,5.0,20
2926511257,MLM1054106888,20260606,1,2,2,5.0,132
2892849693,MLM1054106888,20260606,1,2,2,5.0,83
2888823773,MLM1054106888,20260606,2,1,2,5.0,0
2882692419,MLM1054106888,20260606,1,3,1,5.0,235
2883162316,MLM1054106888,20260507,1,2,0,5.0,104
2877489906,MLM1054106888,20260507,1,2,3,5.0,147
2855552719,MLM1054106888,20260507,1,3,0,5.0,264
2861784522,MLM1054106888,20260507,1,3,0,5.0,224
2828055549,MLM1054106888,20260507,1,3,2,5.0,295
2830141340,MLM1054106888,20260407,1,2,2,5.0,111
2827072350,MLM1054106888,20260407,1,3,2,4.0,274
2821250084,MLM1054106888,20260407,1,1,2,5.0,14
2787248718,MLM1054106888,20260407,1,2,1,5.0,138
2730060365,MLM1054106888,20260308,1,2,2,5.0,197
2720301490,MLM1054106888,20260206,1,1,3,5.0,41
2655791297,MLM1054106888,20260206,1,3,2,5.0,261
2547948507,MLM1054106888,20251208,1,1,0,5.0,31
2542389884,MLM1054106888,20251208,2,1,2,5.0,0
3053824754,MLM1054106888,20260805,1,2,2,5.0,142
3043172779,MLM1054106888,20260805,1,2,0,5.0,177
3042982179,MLM1054106888,20260805,1,2,2,5.0,198
3042596831,MLM1054106888,20260805,1,2,0,5.0,109
3034271205,MLM1054106888,20260730,1,2,0,5.0,110
3034190409,MLM1054106888,20260730,1,3,0,5.0,311
3032525231,MLM1054106888,20260729,1,2,2,5.0,185
3042853264,MLM1054106888,20260729,1,3,0,4.0,410
3041433652,MLM1054106888,20260805,1,1,3,4.0,14
3040024760,MLM1054106888,20260805,2,1,2,5.0,0
3029347205,MLM1054106888,20260805,1,2,0,5.0,131
3027532089,MLM1054106888,20260805,1,2,2,5.0,55
3026938739,MLM1054106888,20260805,1,2,1,5.0,51
3034382298,MLM1054106888,20260805,1,2,0,5.0,66
3023729435,MLM1054106888,20260805,1,2,2,5.0,164
3021207597,MLM1054106888,20260805,1,2,1,5.0,131
3021153355,MLM1054106888,20260805,1,2,2,5.0,154
3031136010,MLM1054106888,20260805,1,3,0,5.0,230
3019549475,MLM1054106888,20260805,2,1,2,4.0,0
3029377256,MLM1054106888,20260805,1,2,1,5.0,77
3017191111,MLM1054106888,20260805,1,2,2,4.0,86
3026494348,MLM1054106888,20260805,1,2,2,5.0,117
3013865543,MLM1054106888,20260805,1,3,2,5.0,266
3012347491,MLM1054106888,20260805,1,2,2,5.0,126
3011196149,MLM1054106888,20260805,1,2,2,5.0,65
3007851115,MLM1054106888,20260805,1,1,3,5.0,14
3007275163,MLM1054106888,20260805,1,1,3,5.0,42
3005080715,MLM1054106888,20260805,1,2,0,5.0,141
3015284234,MLM1054106888,20260805,1,2,1,5.0,175
3009287874,MLM1054106888,20260805,1,2,0,5.0,165
3008006380,MLM1054106888,20260805,1,2,0,5.0,91
3007470328,MLM1054106888,20260805,1,3,0,5.0,288
2996112795,MLM1054106888,20260805,1,2,0,5.0,93
2995976145,MLM1054106888,20260805,1,2,0,5.0,92
2994361931,MLM1054106888,20260805,1,2,2,5.0,178
2992541815,MLM1054106888,20260805,1,2,2,5.0,135
2991175003,MLM1054106888,20260805,1,2,1,5.0,76
2990821886,MLM1054106888,20260706,1,3,2,5.0,341
2990176062,MLM1054106888,20260706,1,1,1,5.0,48
2990118424,MLM1054106888,20260706,1,1,2,5.0,40
2986771992,MLM1054106888,20260706,1,1,2,5.0,32
2975614083,MLM1054106888,20260706,1,3,0,5.0,270
2985653624,MLM1054106888,20260706,1,2,2,5.0,188
2973159669,MLM1054106888,20260706,1,1,0,5.0,49
2972182147,MLM1054106888,20260706,1,1,2,5.0,22
2971698683,MLM1054106888,20260706,1,2,2,5.0,137
2981596158,MLM1054106888,20260706,1,3,0,5.0,334
2968975589,MLM1054106888,20260706,1,2,1,5.0,109
2965058507,MLM1054106888,20260706,1,1,1,5.0,44
2963716497,MLM1054106888,20260706,1,3,0,5.0,210
2963450213,MLM1054106888,20260706,1,2,0,5.0,151
2962615637,MLM1054106888,20260706,1,3,1,5.0,243
2967577174,MLM1054106888,20260706,1,2,0,5.0,173
2957126729,MLM1054106888,20260706,1,2,0,5.0,89
2956099673,MLM1054106888,20260706,1,2,1,5.0,92
2954322995,MLM1054106888,20260706,1,1,0,5.0,41
2951328121,MLM1054106888,20260706,1,1,2,5.0,27
2948552055,MLM1054106888,20260706,1,2,2,5.0,167
2956238956,MLM1054106888,20260706,1,2,1,5.0,90
2942082681,MLM1054106888,20260706,1,1,2,5.0,43
2942026009,MLM1054106888,20260706,1,3,0,5.0,237
2948053496,MLM1054106888,20260606,1,3,0,5.0,338
2946995054,MLM1054106888,20260606,2,1,2,5.0,0
2946970474,MLM1054106888,20260606,1,2,2,5.0,95
2936521577,MLM1054106888,20260606,1,2,0,5.0,117
2936463259,MLM1054106888,20260606,1,2,3,5.0,90
2934674897,MLM1054106888,20260606,1,2,2,5.0,91
2933848315,MLM1054106888,20260606,1,2,0,5.0,182
2943479162,MLM1054106888,20260606,1,2,0,5.0,122
2942636656,MLM1054106888,20260606,1,2,3,5.0,101
2932410491,MLM1054106888,20260606,1,1,2,5.0,48
2932348899,MLM1054106888,20260606,1,2,0,5.0,135
2932254861,MLM1054106888,20260606,1,2,0,5.0,69
2932145129,MLM1054106888,20260606,1,1,2,5.0,31
2941910290,MLM1054106888,20260606,1,2,1,5.0,142
2940906926,MLM1054106888,20260606,1,2,0,5.0,139
2930181343,MLM1054106888,20260606,1,2,0,5.0,196
2940300478,MLM1054106888,20260606,1,2,3,5.0,58
2929714147,MLM1054106888,20260606,1,3,0,5.0,276
2927381061,MLM1054106888,20260606,1,2,2,5.0,55
2927335021,MLM1054106888,20260606,1,1,2,5.0,26
2927168991,MLM1054106888,20260606,1,3,2,5.0,209
2936483856,MLM1054106888,20260606,1,2,1,5.0,64
2919796469,MLM1054106888,20260606,1,2,3,5.0,100
2929505206,MLM1054106888,20260606,1,1,2,5.0,19
2919151459,MLM1054106888,20260606,1,3,0,5.0,210
2913206137,MLM1054106888,20260606,1,1,2,5.0,28
2910323592,MLM1054106888,20260606,1,2,0,5.0,191
2892569563,MLM1054106888,20260606,1,2,3,4.0,88
2889533529,MLM1054106888,20260606,1,2,1,5.0,121
2888316691,MLM1054106888,20260606,1,1,2,5.0,33
2876072390,MLM1054106888,20260507,1,2,0,5.0,66
2871421876,MLM1054106888,20260507,1,1,2,5.0,11
2856438061,MLM1054106888,20260507,1,2,0,5.0,186
2865222386,MLM1054106888,20260507,1,1,2,5.0,30
2861931124,MLM1054106888,20260507,1,2,0,5.0,53
2860005594,MLM1054106888,20260507,2,1,2,4.0,0
2853773388,MLM1054106888,20260507,1,2,2,5.0,59
2850765944,MLM1054106888,20260507,1,3,2,5.0,315
2840753799,MLM1054106888,20260507,1,2,0,5.0,154
2837592217,MLM1054106888,20260507,1,3,0,5.0,273
2828654751,MLM1054106888,20260507,1,2,0,5.0,96
2834938830,MLM1054106888,20260507,1,2,3,5.0,74
2809317409,MLM1054106888,20260407,1,3,3,5.0,204
2795300901,MLM1054106888,20260407,1,3,2,4.0,279
2791518259,MLM1054106888,20260407,1,2,1,5.0,57
2789679050,MLM1054106888,20260407,1,2,0,5.0,147
2777638793,MLM1054106888,20260407,1,2,2,5.0,131
2783913076,MLM1054106888,20260407,1,1,2,5.0,16
2768515735,MLM1054106888,20260308,2,1,2,5.0,0
2762542497,MLM1054106888,20260308,1,1,3,5.0,41
2766006638,MLM1054106888,20260308,1,3,0,5.0,314
2752409481,MLM1054106888,20260308,1,2,0,5.0,110
2747265617,MLM1054106888,20260308,1,1,2,5.0,6
2730898563,MLM1054106888,20260308,1,2,2,5.0,69
2738605390,MLM1054106888,20260308,1,2,2,5.0,155
2731882282,MLM1054106888,20260308,1,2,0,5.0,82
2730851454,MLM1054106888,20260308,1,2,1,5.0,91
2730756746,MLM1054106888,20260308,1,1,2,5.0,17
2722294852,MLM1054106888,20260206,1,1,2,5.0,22
2703966061,MLM1054106888,20260206,1,2,0,5.0,85
2711712598,MLM1054106888,20260206,1,2,0,5.0,117
2702703627,MLM1054106888,20260206,1,2,1,5.0,119
2690551025,MLM1054106888,20260206,1,2,2,5.0,63
2671944219,MLM1054106888,20260206,2,1,2,5.0,0
2669588161,MLM1054106888,20260206,1,2,2,5.0,160
2643112414,MLM1054106888,20260107,2,1,2,5.0,0
2629316915,MLM1054106888,20260107,1,2,2,5.0,53
2593010211,MLM1054106888,20260107,1,2,2,5.0,53
2571670786,MLM1054106888,20251208,1,1,3,5.0,37
2562854888,MLM1054106888,20251208,1,2,2,5.0,90
2552989827,MLM1054106888,20251208,2,1,2,5.0,0
2543329535,MLM1054106888,20251208,1,1,3,5.0,44
2526784965,MLM1054106888,20251208,1,1,0,5.0,46
2531610932,MLM1054106888,20251208,1,2,3,5.0,80
2519120712,MLM1054106888,20251208,1,1,2,5.0,42
2510842595,MLM1054106888,20251208,1,3,2,5.0,259
2517677124,MLM1054106888,20251208,2,1,2,5.0,0
2506033345,MLM1054106888,20251208,1,2,0,5.0,62
2510585216,MLM1054106888,20251208,1,1,2,5.0,25
2509333026,MLM1054106888,20251208,1,3,2,5.0,201
2502021061,MLM1054106888,20251208,1,2,3,5.0,77
2373810851,MLM1054106888,20260805,1,2,2,5.0,168
3042703535,MLM1054106888,20260805,1,1,2,5.0,33
3040808165,MLM1054106888,20260803,1,2,0,5.0,79
3038775371,MLM1054106888,20260802,1,1,2,5.0,30
3036223731,MLM1054106888,20260731,1,2,0,5.0,69
3033120799,MLM1054106888,20260730,1,1,2,5.0,34
3042816538,MLM1054106888,20260729,1,1,3,5.0,36
3040807586,MLM1054106888,20260805,1,1,2,5.0,37
3027059639,MLM1054106888,20260805,1,1,3,5.0,19
3037580838,MLM1054106888,20260805,1,2,0,5.0,56
3026966599,MLM1054106888,20260805,1,1,2,5.0,40
3034287946,MLM1054106888,20260805,1,2,0,5.0,170
3033716454,MLM1054106888,20260805,1,2,1,5.0,68
3023073339,MLM1054106888,20260805,1,2,0,5.0,165
3033128054,MLM1054106888,20260805,1,2,2,5.0,110
3022338987,MLM1054106888,20260805,1,3,2,5.0,236
3022105673,MLM1054106888,20260805,1,2,0,5.0,131
3031334126,MLM1054106888,20260805,1,1,3,5.0,27
3019213373,MLM1054106888,20260805,1,2,1,5.0,97
3028510306,MLM1054106888,20260805,1,2,3,5.0,61
3014357227,MLM1054106888,20260805,1,1,0,5.0,38
3013438005,MLM1054106888,20260805,1,3,0,5.0,201
3023340302,MLM1054106888,20260805,1,2,0,5.0,130
3015751362,MLM1054106888,20260805,2,1,2,5.0,0
3004642407,MLM1054106888,20260805,1,1,2,5.0,34
3002445233,MLM1054106888,20260805,1,1,1,5.0,19
3011728028,MLM1054106888,20260805,1,3,0,5.0,267
3000401717,MLM1054106888,20260805,1,2,1,5.0,137
2997866097,MLM1054106888,20260805,1,2,1,5.0,61
3006806360,MLM1054106888,20260805,1,3,0,5.0,221
2995013143,MLM1054106888,20260805,1,2,2,5.0,58
3002445212,MLM1054106888,20260805,1,2,2,5.0,53
2998361566,MLM1054106888,20260706,1,2,0,5.0,124
2985382773,MLM1054106888,20260706,1,2,1,5.0,52
2994918286,MLM1054106888,20260706,1,1,3,5.0,19
2984394263,MLM1054106888,20260706,1,2,3,5.0,132
